{"stats":{"minecraft:crafted":{"minecraft:smooth_stone":4,"minecraft:oak_planks":36,"indrev:copper_chestplate":1,"minecraft:furnace":2,"minecraft:blast_furnace":1,"minecraft:stone":6,"techreborn:tin_ingot":6,"minecraft:stone_pickaxe":2,"minecraft:chest":4,"indrev:copper_helmet":1,"indrev:tin_pickaxe":1,"minecraft:crafting_table":2,"minecraft:wooden_pickaxe":1,"minecraft:copper_ingot":162,"indrev:copper_leggings":1,"minecraft:stone_axe":1,"minecraft:air":0,"minecraft:jungle_planks":476,"minecraft:stick":54,"indrev:copper_boots":3,"minecraft:iron_ingot":16,"minecraft:iron_pickaxe":2,"minecraft:torch":44,"create:zinc_ingot":2},"minecraft:dropped":{"indrev:tin_pickaxe":1,"minecraft:dripstone_block":2,"minecraft:granite":4,"indrev:copper_boots":4,"techreborn:raw_tin":2,"minecraft:jungle_sapling":20,"minecraft:sand":3,"minecraft:iron_pickaxe":1,"minecraft:string":10,"ftbquests:book":2,"fishofthieves:grubs":3,"minecraft:bone":13,"minecraft:redstone":14,"twigs:rhyolite":3,"indrev:copper_chestplate":2,"minecraft:stone_sword":1,"minecraft:cobbled_deepslate":4,"minecraft:raw_copper":16,"minecraft:rotten_flesh":18,"supplementaries:flax_seeds":1,"minecraft:andesite":2,"minecraft:oak_sapling":124,"croptopia:roe":1,"modern_industrialization:lignite_coal":1,"minecraft:arrow":15,"minecraft:stone_pickaxe":5,"minecraft:wooden_pickaxe":1,"minecraft:calcite":1},"minecraft:picked_up":{"techreborn:raw_tin":34,"modern_industrialization:lignite_coal":45,"twigs:petrified_lichen":2,"jewelry:citrine":1,"minecraft:string":7,"minecraft:raw_copper":200,"techreborn:galena_ore":5,"techreborn:raw_silver":31,"minecraft:cobbled_deepslate":15,"minecraft:calcite":1,"minecraft:jungle_sapling":20,"minecraft:iron_nugget":17,"minecraft:iron_pickaxe":1,"minecraft:furnace":2,"minecraft:raw_iron":16,"minecraft:torch":19,"jewelry:jade":1,"minecraft:redstone":14,"minecraft:stone_sword":1,"minecraft:arrow":15,"minecraft:rotten_flesh":21,"jewelry:ruby":1,"supplementaries:ash":8,"minecraft:cobblestone":77,"modern_industrialization:raw_antimony":3,"minecraft:salmon":1,"indrev:copper_chestplate":1,"minecraft:jungle_log":119,"minecraft:andesite":2,"yigd:grave":2,"fishofthieves:grubs":3,"create:raw_zinc":35,"minecraft:oak_log":59,"supplementaries:flax_seeds":1,"minecraft:dirt":13,"botania:yellow_mushroom":1,"minecraft:bone":26,"minecraft:apple":2,"minecraft:raw_gold":7,"ftbquests:book":3,"minecraft:stone_pickaxe":4,"fishofthieves:earthworms":3,"modern_industrialization:bauxite_dust":16,"croptopia:roe":1,"twigs:twig":27,"techreborn:raw_lead":7,"minecraft:dripstone_block":2,"minecraft:sand":4,"minecraft:jungle_planks":37,"powah:uraninite_raw":3,"minecraft:soul_torch":1,"indrev:copper_boots":2,"indrev:sulfur_crystal":1,"minecraft:diamond":2,"minecraft:granite":4,"bewitchment:ectoplasm":1,"modern_industrialization:raw_lead":19,"minecraft:oak_sapling":124,"indrev:nikolite_dust":24,"twigs:rhyolite":3,"minecraft:coal":39},"minecraft:mined":{"create:zinc_ore":35,"minecraft:deepslate_diamond_ore":2,"minecraft:sculk_vein":4,"modern_industrialization:deepslate_antimony_ore":1,"modern_industrialization:bauxite_ore":7,"minecraft:glow_lichen":1,"minecraft:granite":1,"minecraft:grass_block":3,"modern_industrialization:deepslate_lead_ore":3,"modern_industrialization:lignite_coal_ore":44,"minecraft:furnace":2,"techreborn:lead_ore":7,"minecraft:iron_ore":13,"minecraft:cobbled_deepslate":2,"minecraft:andesite":1,"treechop:chopped_log":6,"indrev:deepslate_nikolite_ore":5,"minecraft:deepslate_iron_ore":3,"botania:yellow_mushroom":1,"minecraft:stone":76,"modern_industrialization:deepslate_bauxite_ore":9,"minecraft:podzol":1,"minecraft:deepslate_redstone_ore":3,"techreborn:deepslate_silver_ore":19,"minecraft:soul_torch":1,"minecraft:soul_fire":3,"yigd:grave":2,"minecraft:calcite":1,"techreborn:deepslate_tin_ore":2,"modern_industrialization:lead_ore":15,"twigs:petrified_lichen":1,"minecraft:copper_ore":57,"minecraft:cobblestone":3,"minecraft:deepslate_gold_ore":7,"minecraft:sculk":2,"powah:deepslate_uraninite_ore_poor":3,"techreborn:tin_ore":32,"modern_industrialization:deepslate_lignite_coal_ore":1,"supplementaries:urn":7,"minecraft:gray_wool":7,"techreborn:silver_ore":12,"jewelry:deepslate_gem_vein":3,"modern_industrialization:antimony_ore":2,"minecraft:grass":1,"minecraft:oak_log":1,"minecraft:coal_ore":39,"techreborn:galena_ore":6,"minecraft:dirt":9,"minecraft:sand":1,"minecraft:gravel":1,"minecraft:dripstone_block":2,"twigs:rhyolite":4,"minecraft:deepslate":11},"minecraft:custom":{"lootr:looted_stat":7,"minecraft:mob_kills":19,"minecraft:interact_with_crafting_table":32,"minecraft:leave_game":1,"minecraft:time_since_death":3750,"minecraft:climb_one_cm":2184,"minecraft:damage_resisted":0,"minecraft:sprint_one_cm":79904,"minecraft:walk_one_cm":188378,"minecraft:damage_blocked_by_shield":585,"minecraft:drop":74,"minecraft:play_time":95883,"minecraft:deaths":10,"minecraft:sneak_time":25236,"minecraft:walk_under_water_one_cm":2389,"minecraft:jump":496,"minecraft:interact_with_blast_furnace":4,"minecraft:walk_on_water_one_cm":11950,"minecraft:total_world_time":95883,"minecraft:interact_with_furnace":61,"minecraft:hex":0,"minecraft:time_since_rest":3773,"minecraft:damage_taken":3652,"minecraft:damage_dealt":2735,"minecraft:swim_one_cm":12322,"minecraft:fly_one_cm":33303,"minecraft:open_chest":36,"minecraft:crouch_one_cm":70672,"minecraft:fall_one_cm":17467},"minecraft:killed":{"minecraft:spider":1,"bewitchment:ghost":1,"minecraft:skeleton":9,"minecraft:salmon":4,"tinyskeletons:baby_skeleton":1,"minecraft:zombie":3},"minecraft:broken":{"minecraft:iron_pickaxe":1},"minecraft:killed_by":{"minecraft:warden":9},"minecraft:used":{"minecraft:stone_sword":84,"minecraft:chest":4,"minecraft:shield":20,"minecraft:torch":54,"fishofthieves:earthworms":3,"minecraft:dirt":4,"minecraft:furnace":3,"minecraft:cobbled_deepslate":10,"minecraft:stone_pickaxe":111,"minecraft:wooden_pickaxe":36,"minecraft:salmon":1,"minecraft:crafting_table":2,"minecraft:blast_furnace":1,"spellbladenext:frost_blade":7,"minecraft:bread":6,"minecraft:iron_pickaxe":295,"minecraft:stone_axe":65,"minecraft:cobblestone":45,"indrev:tin_pickaxe":4,"yigd:grave":1,"minecraft:soul_torch":1}},"DataVersion":3465}