{"stats":{"minecraft:crafted":{"minecraft:redstone":18,"minecraft:crafting_table":2,"minecraft:wooden_pickaxe":1,"minecraft:furnace":3,"minecraft:stone_axe":1,"minecraft:bread":2,"minecraft:jungle_planks":24,"convenientdecor:unbundled_hay_block":21,"minecraft:stick":16,"minecraft:iron_pickaxe":2,"minecraft:stone_pickaxe":1,"minecraft:torch":24,"minecraft:wheat":68},"minecraft:dropped":{"minecraft:wheat_seeds":384,"minecraft:stone_sword":1,"minecraft:crafting_table":1,"minecraft:raw_iron":38,"minecraft:crossbow":1,"minecraft:iron_helmet":1,"minecraft:cracked_stone_bricks":1,"minecraft:redstone_lamp":1,"archon:gust_tome":1,"minecraft:potato":44,"supplementaries:rope":64,"minecraft:torch":40,"minecraft:melon_slice":16,"minecraft:oak_sapling":3,"beachparty:rubber_ring_pelican":1,"minecraft:stone_bricks":10,"minecraft:bamboo":10,"minecraft:arrow":23,"minecraft:bow":1,"minecraft:wooden_pickaxe":1,"minecraft:beef":3,"minecraft:mossy_cobblestone_stairs":2,"minecraft:paper":19,"ftbquests:book":1},"minecraft:picked_up":{"minecraft:crafting_table":5,"minecraft:wheat":127,"minecraft:redstone_block":4,"minecraft:jungle_log":6,"minecraft:redstone_lamp":4,"minecraft:brewing_stand":1,"minecraft:string":26,"minecraft:chipped_anvil":1,"minecraft:stone_bricks":13,"minecraft:bow":1,"minecraft:cracked_stone_bricks":1,"minecraft:wheat_seeds":485,"minecraft:beef":3,"minecraft:jungle_sapling":1,"minecraft:bamboo":10,"minecraft:melon_slice":16,"twigs:twig":2,"supplementaries:rope":64,"minecraft:book":75,"minecraft:raw_iron":268,"industrialreborn:broken_spawner":1,"minecraft:torch":40,"twigs:bamboo_leaves":2,"minecraft:carrot":33,"minecraft:arrow":1,"minecraft:rotten_flesh":2,"minecraft:hay_block":8,"minecraft:iron_helmet":1,"minecraft:crossbow":1,"minecraft:mossy_cobblestone_stairs":4,"minecraft:emerald":10,"minecraft:gold_ingot":1,"minecraft:coal":63,"minecraft:cobblestone":44,"archon:cloudshot_tome":1},"minecraft:mined":{"minecraft:redstone_block":2,"minecraft:brewing_stand":1,"minecraft:crafting_table":5,"minecraft:emerald_ore":8,"minecraft:melon":3,"minecraft:tall_grass":1,"minecraft:cobblestone":2,"minecraft:spawner":1,"supplementaries:urn":1,"minecraft:hay_block":8,"minecraft:carrots":9,"minecraft:mossy_cobblestone_stairs":2,"minecraft:iron_ore":230,"minecraft:wheat":124,"treechop:chopped_log":2,"minecraft:grass":3,"minecraft:bookshelf":25,"minecraft:coal_ore":63,"minecraft:vine":3,"minecraft:dirt":1,"minecraft:cobweb":21,"minecraft:cracked_stone_bricks":1,"minecraft:stone":42,"minecraft:bamboo":1,"minecraft:stone_bricks":8,"minecraft:chipped_anvil":1,"minecraft:oak_leaves":1,"minecraft:tripwire":3,"minecraft:fern":2,"minecraft:redstone_lamp":1},"minecraft:custom":{"minecraft:interact_with_furnace":7,"lootr:looted_stat":34,"minecraft:mob_kills":11,"minecraft:interact_with_crafting_table":11,"minecraft:leave_game":1,"minecraft:time_since_death":46966,"minecraft:hex":0,"minecraft:climb_one_cm":5474,"minecraft:time_since_rest":46990,"minecraft:sprint_one_cm":111656,"minecraft:damage_taken":1153,"minecraft:walk_one_cm":150763,"minecraft:damage_blocked_by_shield":140,"minecraft:drop":32,"minecraft:damage_dealt":2024,"minecraft:talked_to_villager":4,"minecraft:fly_one_cm":140009,"minecraft:crouch_one_cm":11266,"minecraft:play_time":58254,"minecraft:deaths":2,"minecraft:sneak_time":5843,"minecraft:jump":1023,"minecraft:walk_on_water_one_cm":534,"minecraft:total_world_time":58254,"minecraft:interact_with_smoker":1,"minecraft:inspect_dispenser":2,"minecraft:fall_one_cm":26782},"minecraft:killed":{"graveyard:ghoul":1,"minecraft:spider":3,"minecraft:vindicator":1,"creeperoverhaul:bamboo_creeper":1,"minecraft:skeleton":1,"minecraft:pillager":2,"minecraft:zombie":1,"minecraft:cow":1},"minecraft:broken":{"minecraft:stone_pickaxe":1,"minecraft:iron_pickaxe":1},"minecraft:killed_by":{"minecraft:vindicator":1,"minecraft:spider":1},"minecraft:used":{"minecraft:stone_sword":85,"minecraft:stone_pickaxe":96,"minecraft:wooden_pickaxe":11,"minecraft:shield":2,"minecraft:crafting_table":6,"minecraft:bread":10,"minecraft:iron_pickaxe":259,"minecraft:stone_bricks":3,"twigs:bamboo_leaves":2,"minecraft:stone_axe":32,"minecraft:furnace":3,"minecraft:pumpkin_pie":1}},"DataVersion":3465}