{"stats":{"minecraft:crafted":{"minecraft:oak_planks":52,"minecraft:redstone":18,"minecraft:crafting_table":1,"minecraft:wooden_pickaxe":1,"minecraft:furnace":1,"minecraft:stone_axe":1,"minecraft:air":0,"minecraft:diamond_pickaxe":1,"minecraft:stick":18,"minecraft:iron_ingot":6,"minecraft:iron_pickaxe":1,"minecraft:stone_pickaxe":1,"minecraft:chest":5,"minecraft:shears":1},"minecraft:dropped":{"techreborn:chrome_ingot":2,"twigs:bamboo_leaves":2,"techreborn:tungsten_ingot":2,"minecraft:cobbled_deepslate":2,"paladins:prior_robe_chest":1,"minecraft:music_disc_otherside":1,"archon:cloudshot_tome":2,"minecraft:sculk_sensor":2,"minecraft:book":14,"minecraft:glow_berries":66,"minecraft:rotten_flesh":2,"deeperdarker:warden_upgrade_smithing_template":1,"minecraft:shears":1,"minecraft:music_disc_13":1,"minecraft:echo_shard":1,"minecraft:deepslate_bricks":1,"minecraft:redstone_lamp":3,"supplementaries:flax_seeds":3,"minecraft:dirt":5,"minecraft:gray_wool":1,"minecraft:oak_sapling":9,"archers:mechanic_shortbow":1,"minecraft:wooden_pickaxe":2,"ftbquests:book":1,"minecraft:music_disc_cat":2,"minecraft:egg":6},"minecraft:picked_up":{"modern_industrialization:lignite_coal":1,"minecraft:crafting_table":1,"minecraft:redstone_block":2,"indrev:copper_chestplate":1,"archers:mechanic_shortbow":3,"minecraft:redstone_lamp":3,"minecraft:wooden_pickaxe":1,"minecraft:potion":5,"minecraft:oak_log":13,"supplementaries:flax_seeds":3,"botania:magenta_mushroom":1,"minecraft:dirt":5,"minecraft:name_tag":1,"minecraft:bone":25,"deeperdarker:warden_upgrade_smithing_template":8,"minecraft:stone_bricks":3,"minecraft:candle":21,"minecraft:cobbled_deepslate":3,"paladins:crusader_armor_head":1,"minecraft:echo_shard":1,"minecraft:cyan_wool":16,"minecraft:iron_nugget":9,"twigs:twig":9,"minecraft:bamboo":13,"minecraft:melon_slice":26,"techreborn:iridium_ingot":5,"techreborn:chrome_ingot":7,"minecraft:stick":2,"minecraft:book":62,"minecraft:raw_iron":6,"minecraft:chiseled_stone_bricks":2,"botania:black_mushroom":1,"twigs:bamboo_leaves":2,"techreborn:platinum_ingot":2,"minecraft:amethyst_shard":11,"techreborn:tungsten_ingot":8,"minecraft:carrot":4,"minecraft:cyan_bed":1,"paladins:crusader_armor_legs":1,"techreborn:titanium_ingot":2,"minecraft:white_candle":25,"minecraft:sculk_sensor":7,"minecraft:rotten_flesh":2,"minecraft:diamond":2,"minecraft:deepslate_bricks":1,"minecraft:hay_block":15,"minecraft:gray_wool":3,"minecraft:oak_sapling":9,"minecraft:glow_berries":62,"minecraft:coal":66,"minecraft:cobblestone":41},"minecraft:mined":{"supplementaries:book_pile_horizontal":1,"minecraft:redstone_block":2,"minecraft:deepslate_diamond_ore":2,"archon:solid_cloud":1,"minecraft:candle":6,"minecraft:crafting_table":1,"minecraft:grass_block":2,"minecraft:melon":6,"archon:cloud_iron":5,"minecraft:deepslate_bricks":1,"minecraft:white_candle":14,"minecraft:sculk":1,"minecraft:cyan_bed":1,"minecraft:infested_chiseled_stone_bricks":1,"minecraft:gray_wool":3,"minecraft:chiseled_stone_bricks":2,"supplementaries:urn":1,"minecraft:hay_block":15,"minecraft:cyan_wool":16,"minecraft:carrots":1,"minecraft:iron_ore":6,"minecraft:cobbled_deepslate":3,"treechop:chopped_log":1,"minecraft:coal_ore":24,"minecraft:vine":2,"minecraft:dripstone_block":1,"minecraft:dirt":3,"minecraft:bamboo":1,"minecraft:stone_bricks":3,"minecraft:stone":41,"minecraft:deepslate":1,"minecraft:fern":1,"minecraft:redstone_lamp":3},"minecraft:custom":{"minecraft:interact_with_furnace":3,"lootr:looted_stat":30,"minecraft:mob_kills":6,"minecraft:interact_with_crafting_table":15,"minecraft:leave_game":4,"minecraft:time_since_death":7865,"minecraft:damage_resisted":0,"minecraft:climb_one_cm":8601,"minecraft:hex":0,"minecraft:time_since_rest":7897,"minecraft:sprint_one_cm":156171,"minecraft:damage_taken":4094,"minecraft:walk_one_cm":173702,"minecraft:drop":38,"minecraft:damage_dealt":1426,"minecraft:talked_to_villager":2,"minecraft:fly_one_cm":106065,"minecraft:open_chest":66,"minecraft:crouch_one_cm":284448,"minecraft:play_time":127194,"minecraft:deaths":9,"minecraft:sneak_time":50625,"minecraft:walk_under_water_one_cm":103,"minecraft:jump":879,"minecraft:walk_on_water_one_cm":357,"minecraft:threat":2,"minecraft:total_world_time":127194,"minecraft:fall_one_cm":65222},"minecraft:killed":{"minecraft:husk":1,"minecraft:skeleton":2,"minecraft:silverfish":3},"minecraft:killed_by":{"minecraft:husk":5,"minecraft:warden":2},"minecraft:used":{"spellbladenext:arcane_claymore":28,"minecraft:stone_sword":21,"minecraft:stone_pickaxe":81,"minecraft:chest":5,"minecraft:wooden_pickaxe":13,"minecraft:crafting_table":2,"minecraft:bread":9,"minecraft:iron_pickaxe":3,"supplementaries:candy":8,"minecraft:stone_axe":6,"minecraft:furnace":1}},"DataVersion":3465}